{
  "affine": [
    [
      0.7421879768371582,
      0.0,
      0.0,
      -39.30139923095703
    ],
    [
      0.0,
      0.7421879768371582,
      0.0,
      -87.66010284423828
    ],
    [
      0.0,
      0.0,
      5.0,
      -428.614013671875
    ],
    [
      0.0,
      0.0,
      0.0,
      1.0
    ]
  ],
  "inv_affine": [
    [
      1.3473675554022182,
      0.0,
      0.0,
      52.953430205701196
    ],
    [
      0.0,
      1.3473675554022182,
      0.0,
      118.11037847554837
    ],
    [
      0.0,
      0.0,
      0.2,
      85.72280273437501
    ],
    [
      0.0,
      0.0,
      0.0,
      1.0
    ]
  ],
  "ct_shape": [
    169,
    139,
    40
  ],
  "voxel_spacing": [
    0.7421879768371582,
    0.7421879768371582,
    5.0
  ],
  "mesh_centering_offset": [
    0.023038261413574217,
    -0.036446622848510746,
    -0.432546875
  ],
  "mesh_threshold_hu": "Slicer-segmentation",
  "mesh_vertex_count": 261158,
  "mesh_face_count": 523464
}